region,n,positive_rate,tpr
Cibao Nordeste,32,0.875,0.9473684210526315
Cibao Noroeste,8,0.375,0.6
Cibao Norte,105,0.7904761904761904,0.9
Cibao Sur,65,0.6923076923076923,0.8095238095238095
El Valle,26,0.8076923076923077,0.8823529411764706
Enriquillo,10,0.8,1.0
Higuamo,35,0.8,0.9411764705882353
Ozama,178,0.8089887640449438,0.8608695652173913
Valdesia,81,0.7901234567901234,0.9230769230769231
Yuma,60,0.8,0.9473684210526315
