model,threshold,roc_auc,accuracy,precision,recall,f1
baseline,0.27,0.7810256594637999,0.7266666666666667,0.728421052631579,0.9081364829396326,0.8084112149532711
main,0.32,0.7538680952552165,0.705,0.7161016949152542,0.8871391076115486,0.7924970691676436
main_adjusted_for_parity,,,0.705,0.7161016949152542,0.8871391076115486,0.7924970691676436
