{
  "baseline": {
    "threshold": 0.27,
    "roc_auc": 0.7810256594637999,
    "accuracy": 0.7266666666666667,
    "precision": 0.728421052631579,
    "recall": 0.9081364829396326,
    "f1": 0.8084112149532711
  },
  "main": {
    "threshold": 0.32,
    "roc_auc": 0.7538680952552165,
    "accuracy": 0.705,
    "precision": 0.7161016949152542,
    "recall": 0.8871391076115486,
    "f1": 0.7924970691676436
  },
  "main_adjusted_for_parity": {
    "accuracy": 0.705,
    "precision": 0.7161016949152542,
    "recall": 0.8871391076115486,
    "f1": 0.7924970691676436
  }
}